<!--
    NOTICE:

    This context is usually accessed via the external sip profile listening on port 5080.
    
    It is recommended to have separate inbound and outbound contexts.  Not only for security
    but clearing up why you would need to do such a thing.  You don't want outside un-authenticated
    callers hitting your default context which allows dialing calls thru your providers and results 
    in Toll Fraud.
-->

<!-- http://wiki.freeswitch.org/wiki/Dialplan_XML -->
<include>
  <context name="from_asterisk">
     <extension name = "all">
      <condition field="${network_addr}" expression="^$${gateway_internal_ip}$">
        <action application="set" data="proxy_media=true"/>
	<action application="bridge" data="sofia/external/${destination_number}@$${gateway_external_ip}"/>
      </condition>
    </extension>
  </context>
    <!--
	Tag anything pass thru here as an outside_call so you can make sure not
	to create any routing loops based on the conditions that it came from 
	the outside of the switch.  
    -->
 <context name="from_proxy">
    <extension name="all">
      <!-- <condition field="destination_number" expression="(\d+)$"> -->
      <condition field="${network_addr}" expression="^$${gateway_external_ip}$">
        <action application="set" data="proxy_media=true"/>
	<action application="bridge" data="sofia/internal/${destination_number}@$${gateway_internal_ip}"/>
      </condition>
    </extension>
 </context>
</include>
